{"data":[{"Properties":{"domain":"US.ALLSAFE.COM","name":"EVILCORPCA@US.ALLSAFE.COM","distinguishedname":"CN=EVILCORPCA,CN=AIA,CN=PUBLIC KEY SERVICES,CN=SERVICES,CN=CONFIGURATION,DC=US,DC=ALLSAFE,DC=COM","domainsid":"S-1-5-21-1680330485-476966011-3535154314","isaclprotected":false,"description":null,"whencreated":1710788464,"crosscertificatepair":[],"hascrosscertificatepair":false,"certthumbprint":"A65CB1FF07C6CCA535BD69957221E1BD8B797FEB","certname":"A65CB1FF07C6CCA535BD69957221E1BD8B797FEB","certchain":["A65CB1FF07C6CCA535BD69957221E1BD8B797FEB"],"hasbasicconstraints":false,"basicconstraintpathlength":0},"Aces":[{"PrincipalSID":"S-1-5-21-1680330485-476966011-3535154314-519","PrincipalType":"Group","RightName":"Owns","IsInherited":false},{"PrincipalSID":"US.ALLSAFE.COM-S-1-5-32-544","PrincipalType":"Group","RightName":"GenericAll","IsInherited":false},{"PrincipalSID":"S-1-5-21-1680330485-476966011-3535154314-512","PrincipalType":"Group","RightName":"GenericAll","IsInherited":false},{"PrincipalSID":"S-1-5-21-1680330485-476966011-3535154314-517","PrincipalType":"Group","RightName":"GenericAll","IsInherited":false},{"PrincipalSID":"S-1-5-21-1680330485-476966011-3535154314-519","PrincipalType":"Group","RightName":"GenericAll","IsInherited":false},{"PrincipalSID":"S-1-5-21-1680330485-476966011-3535154314-519","PrincipalType":"Group","RightName":"GenericAll","IsInherited":true},{"PrincipalSID":"S-1-5-21-1680330485-476966011-3535154314-512","PrincipalType":"Group","RightName":"WriteDacl","IsInherited":true},{"PrincipalSID":"S-1-5-21-1680330485-476966011-3535154314-512","PrincipalType":"Group","RightName":"WriteOwner","IsInherited":true}],"ObjectIdentifier":"FE1F6C51-0877-402C-B0A0-949D96B130BA","IsDeleted":false,"IsACLProtected":false,"ContainedBy":{"ObjectIdentifier":"21AED883-EC25-44A1-B7D5-A4BE3A06E89C","ObjectType":"Container"}}],"meta":{"methods":521215,"type":"aiacas","count":1,"version":6}}