{"data":[{"Properties":{"domain":"US.ALLSAFE.COM","name":"DEFAULT DOMAIN POLICY@US.ALLSAFE.COM","distinguishedname":"CN={31B2F340-016D-11D2-945F-00C04FB984F9},CN=POLICIES,CN=SYSTEM,DC=US,DC=ALLSAFE,DC=COM","domainsid":"S-1-5-21-1680330485-476966011-3535154314","highvalue":false,"isaclprotected":true,"description":null,"whencreated":1710787017,"gpcpath":"\\\\US.ALLSAFE.COM\\SYSVOL\\US.ALLSAFE.COM\\POLICIES\\{31B2F340-016D-11D2-945F-00C04FB984F9}"},"Aces":[{"PrincipalSID":"S-1-5-21-1680330485-476966011-3535154314-512","PrincipalType":"Group","RightName":"Owns","IsInherited":false},{"PrincipalSID":"S-1-5-21-1680330485-476966011-3535154314-512","PrincipalType":"Group","RightName":"WriteDacl","IsInherited":false},{"PrincipalSID":"S-1-5-21-1680330485-476966011-3535154314-512","PrincipalType":"Group","RightName":"WriteOwner","IsInherited":false},{"PrincipalSID":"S-1-5-21-1680330485-476966011-3535154314-512","PrincipalType":"Group","RightName":"GenericWrite","IsInherited":false},{"PrincipalSID":"S-1-5-21-1680330485-476966011-3535154314-512","PrincipalType":"Group","RightName":"WriteDacl","IsInherited":false},{"PrincipalSID":"S-1-5-21-1680330485-476966011-3535154314-512","PrincipalType":"Group","RightName":"WriteOwner","IsInherited":false},{"PrincipalSID":"S-1-5-21-1680330485-476966011-3535154314-512","PrincipalType":"Group","RightName":"GenericWrite","IsInherited":false},{"PrincipalSID":"S-1-5-21-1680330485-476966011-3535154314-519","PrincipalType":"Group","RightName":"WriteDacl","IsInherited":false},{"PrincipalSID":"S-1-5-21-1680330485-476966011-3535154314-519","PrincipalType":"Group","RightName":"WriteOwner","IsInherited":false},{"PrincipalSID":"S-1-5-21-1680330485-476966011-3535154314-519","PrincipalType":"Group","RightName":"GenericWrite","IsInherited":false}],"ObjectIdentifier":"9B84B31E-DD02-498E-A0AF-07559BDC2417","IsDeleted":false,"IsACLProtected":true,"ContainedBy":null},{"Properties":{"domain":"US.ALLSAFE.COM","name":"DEFAULT DOMAIN CONTROLLERS POLICY@US.ALLSAFE.COM","distinguishedname":"CN={6AC1786C-016F-11D2-945F-00C04FB984F9},CN=POLICIES,CN=SYSTEM,DC=US,DC=ALLSAFE,DC=COM","domainsid":"S-1-5-21-1680330485-476966011-3535154314","highvalue":false,"isaclprotected":true,"description":null,"whencreated":1710787017,"gpcpath":"\\\\US.ALLSAFE.COM\\SYSVOL\\US.ALLSAFE.COM\\POLICIES\\{6AC1786C-016F-11D2-945F-00C04FB984F9}"},"Aces":[{"PrincipalSID":"S-1-5-21-1680330485-476966011-3535154314-512","PrincipalType":"Group","RightName":"Owns","IsInherited":false},{"PrincipalSID":"S-1-5-21-1680330485-476966011-3535154314-512","PrincipalType":"Group","RightName":"WriteDacl","IsInherited":false},{"PrincipalSID":"S-1-5-21-1680330485-476966011-3535154314-512","PrincipalType":"Group","RightName":"WriteOwner","IsInherited":false},{"PrincipalSID":"S-1-5-21-1680330485-476966011-3535154314-512","PrincipalType":"Group","RightName":"GenericWrite","IsInherited":false},{"PrincipalSID":"S-1-5-21-1680330485-476966011-3535154314-512","PrincipalType":"Group","RightName":"WriteDacl","IsInherited":false},{"PrincipalSID":"S-1-5-21-1680330485-476966011-3535154314-512","PrincipalType":"Group","RightName":"WriteOwner","IsInherited":false},{"PrincipalSID":"S-1-5-21-1680330485-476966011-3535154314-512","PrincipalType":"Group","RightName":"GenericWrite","IsInherited":false},{"PrincipalSID":"S-1-5-21-1680330485-476966011-3535154314-519","PrincipalType":"Group","RightName":"WriteDacl","IsInherited":false},{"PrincipalSID":"S-1-5-21-1680330485-476966011-3535154314-519","PrincipalType":"Group","RightName":"WriteOwner","IsInherited":false},{"PrincipalSID":"S-1-5-21-1680330485-476966011-3535154314-519","PrincipalType":"Group","RightName":"GenericWrite","IsInherited":false}],"ObjectIdentifier":"9E10398A-175D-44F9-AFBE-FE0D7490AD2F","IsDeleted":false,"IsACLProtected":true,"ContainedBy":null},{"Properties":{"domain":"US.ALLSAFE.COM","name":"KERBEROSENCRYPTIONGPO@US.ALLSAFE.COM","distinguishedname":"CN={A650F6BB-ACFC-445D-9FAA-68ABD4ACD388},CN=POLICIES,CN=SYSTEM,DC=US,DC=ALLSAFE,DC=COM","domainsid":"S-1-5-21-1680330485-476966011-3535154314","highvalue":false,"isaclprotected":true,"description":null,"whencreated":1710791117,"gpcpath":"\\\\US.ALLSAFE.COM\\SYSVOL\\US.ALLSAFE.COM\\POLICIES\\{A650F6BB-ACFC-445D-9FAA-68ABD4ACD388}"},"Aces":[{"PrincipalSID":"S-1-5-21-1680330485-476966011-3535154314-512","PrincipalType":"Group","RightName":"Owns","IsInherited":false},{"PrincipalSID":"S-1-5-21-1680330485-476966011-3535154314-512","PrincipalType":"Group","RightName":"WriteDacl","IsInherited":false},{"PrincipalSID":"S-1-5-21-1680330485-476966011-3535154314-512","PrincipalType":"Group","RightName":"WriteOwner","IsInherited":false},{"PrincipalSID":"S-1-5-21-1680330485-476966011-3535154314-512","PrincipalType":"Group","RightName":"GenericWrite","IsInherited":false},{"PrincipalSID":"S-1-5-21-1680330485-476966011-3535154314-519","PrincipalType":"Group","RightName":"WriteDacl","IsInherited":false},{"PrincipalSID":"S-1-5-21-1680330485-476966011-3535154314-519","PrincipalType":"Group","RightName":"WriteOwner","IsInherited":false},{"PrincipalSID":"S-1-5-21-1680330485-476966011-3535154314-519","PrincipalType":"Group","RightName":"GenericWrite","IsInherited":false}],"ObjectIdentifier":"D1960F88-7DB6-486B-AFD4-C7D560423142","IsDeleted":false,"IsACLProtected":true,"ContainedBy":null},{"Properties":{"domain":"US.ALLSAFE.COM","name":"US CUSTOM DOMAIN CONTROLLERS POLICY@US.ALLSAFE.COM","distinguishedname":"CN={E6E22780-261A-47D7-BB19-C84E7056B389},CN=POLICIES,CN=SYSTEM,DC=US,DC=ALLSAFE,DC=COM","domainsid":"S-1-5-21-1680330485-476966011-3535154314","highvalue":false,"isaclprotected":true,"description":null,"whencreated":1710791144,"gpcpath":"\\\\US.ALLSAFE.COM\\SYSVOL\\US.ALLSAFE.COM\\POLICIES\\{E6E22780-261A-47D7-BB19-C84E7056B389}"},"Aces":[{"PrincipalSID":"S-1-5-21-1680330485-476966011-3535154314-512","PrincipalType":"Group","RightName":"Owns","IsInherited":false},{"PrincipalSID":"S-1-5-21-1680330485-476966011-3535154314-512","PrincipalType":"Group","RightName":"WriteDacl","IsInherited":false},{"PrincipalSID":"S-1-5-21-1680330485-476966011-3535154314-512","PrincipalType":"Group","RightName":"WriteOwner","IsInherited":false},{"PrincipalSID":"S-1-5-21-1680330485-476966011-3535154314-512","PrincipalType":"Group","RightName":"GenericWrite","IsInherited":false},{"PrincipalSID":"S-1-5-21-1680330485-476966011-3535154314-519","PrincipalType":"Group","RightName":"WriteDacl","IsInherited":false},{"PrincipalSID":"S-1-5-21-1680330485-476966011-3535154314-519","PrincipalType":"Group","RightName":"WriteOwner","IsInherited":false},{"PrincipalSID":"S-1-5-21-1680330485-476966011-3535154314-519","PrincipalType":"Group","RightName":"GenericWrite","IsInherited":false},{"PrincipalSID":"S-1-5-21-1680330485-476966011-3535154314-1562","PrincipalType":"User","RightName":"WriteDacl","IsInherited":false},{"PrincipalSID":"S-1-5-21-1680330485-476966011-3535154314-1562","PrincipalType":"User","RightName":"WriteOwner","IsInherited":false},{"PrincipalSID":"S-1-5-21-1680330485-476966011-3535154314-1562","PrincipalType":"User","RightName":"GenericWrite","IsInherited":false}],"ObjectIdentifier":"E49B4508-5997-4163-81DA-36FB81B9B259","IsDeleted":false,"IsACLProtected":true,"ContainedBy":null},{"Properties":{"domain":"US.ALLSAFE.COM","name":"PRINT NIGHTMARE@US.ALLSAFE.COM","distinguishedname":"CN={B26C27EF-0FFD-456C-AFA6-E3C020C9BCF0},CN=POLICIES,CN=SYSTEM,DC=US,DC=ALLSAFE,DC=COM","domainsid":"S-1-5-21-1680330485-476966011-3535154314","highvalue":false,"isaclprotected":true,"description":null,"whencreated":1710791147,"gpcpath":"\\\\US.ALLSAFE.COM\\SYSVOL\\US.ALLSAFE.COM\\POLICIES\\{B26C27EF-0FFD-456C-AFA6-E3C020C9BCF0}"},"Aces":[{"PrincipalSID":"S-1-5-21-1680330485-476966011-3535154314-512","PrincipalType":"Group","RightName":"Owns","IsInherited":false},{"PrincipalSID":"S-1-5-21-1680330485-476966011-3535154314-512","PrincipalType":"Group","RightName":"WriteDacl","IsInherited":false},{"PrincipalSID":"S-1-5-21-1680330485-476966011-3535154314-512","PrincipalType":"Group","RightName":"WriteOwner","IsInherited":false},{"PrincipalSID":"S-1-5-21-1680330485-476966011-3535154314-512","PrincipalType":"Group","RightName":"GenericWrite","IsInherited":false},{"PrincipalSID":"S-1-5-21-1680330485-476966011-3535154314-519","PrincipalType":"Group","RightName":"WriteDacl","IsInherited":false},{"PrincipalSID":"S-1-5-21-1680330485-476966011-3535154314-519","PrincipalType":"Group","RightName":"WriteOwner","IsInherited":false},{"PrincipalSID":"S-1-5-21-1680330485-476966011-3535154314-519","PrincipalType":"Group","RightName":"GenericWrite","IsInherited":false}],"ObjectIdentifier":"BC68702B-948F-444B-96B6-4225E4B9B53E","IsDeleted":false,"IsACLProtected":true,"ContainedBy":null}],"meta":{"methods":521215,"type":"gpos","count":5,"version":6}}