{"data":[{"Properties":{"domain":"BADBLOOD.UK","name":"BADBLOODCA@BADBLOOD.UK","distinguishedname":"CN=BADBLOODCA,CN=ENROLLMENT SERVICES,CN=PUBLIC KEY SERVICES,CN=SERVICES,CN=CONFIGURATION,DC=BADBLOOD,DC=UK","domainsid":"S-1-5-21-2510282756-2178082174-2897843377","isaclprotected":false,"description":null,"whencreated":1705499780,"flags":"SUPPORTS_NT_AUTHENTICATION, CA_SERVERTYPE_ADVANCED","caname":"BadBloodCA","dnshostname":"BBCA01.badblood.uk","certthumbprint":"9B5A46F1FFD382900B28B48B1807F41632A8828A","certname":"9B5A46F1FFD382900B28B48B1807F41632A8828A","certchain":["9B5A46F1FFD382900B28B48B1807F41632A8828A"],"hasbasicconstraints":false,"basicconstraintpathlength":0,"casecuritycollected":true,"enrollmentagentrestrictionscollected":true,"isuserspecifiessanenabledcollected":true},"HostingComputer":"S-1-5-21-2510282756-2178082174-2897843377-1104","CARegistryData":{"CASecurity":{"Data":[{"PrincipalSID":"S-1-5-21-2510282756-2178082174-2897843377-1104-544","PrincipalType":"LocalGroup","RightName":"Owns","IsInherited":false},{"PrincipalSID":"BADBLOOD.UK-S-1-5-11","PrincipalType":"Group","RightName":"Enroll","IsInherited":false},{"PrincipalSID":"S-1-5-21-2510282756-2178082174-2897843377-1104-544","PrincipalType":"LocalGroup","RightName":"ManageCA","IsInherited":false},{"PrincipalSID":"S-1-5-21-2510282756-2178082174-2897843377-1104-544","PrincipalType":"LocalGroup","RightName":"ManageCertificates","IsInherited":false},{"PrincipalSID":"S-1-5-21-2510282756-2178082174-2897843377-512","PrincipalType":"Group","RightName":"ManageCA","IsInherited":false},{"PrincipalSID":"S-1-5-21-2510282756-2178082174-2897843377-512","PrincipalType":"Group","RightName":"ManageCertificates","IsInherited":false},{"PrincipalSID":"S-1-5-21-2510282756-2178082174-2897843377-519","PrincipalType":"Group","RightName":"ManageCA","IsInherited":false},{"PrincipalSID":"S-1-5-21-2510282756-2178082174-2897843377-519","PrincipalType":"Group","RightName":"ManageCertificates","IsInherited":false},{"PrincipalSID":"S-1-5-21-2510282756-2178082174-2897843377-1336","PrincipalType":"User","RightName":"ManageCA","IsInherited":false},{"PrincipalSID":"S-1-5-21-2510282756-2178082174-2897843377-1995","PrincipalType":"User","RightName":"ManageCertificates","IsInherited":false}],"Collected":true,"FailureReason":null},"EnrollmentAgentRestrictions":{"Restrictions":[],"Collected":true,"FailureReason":null},"IsUserSpecifiesSanEnabled":{"Value":true,"Collected":true,"FailureReason":null}},"EnabledCertTemplates":[{"ObjectIdentifier":"8FE25C25-7812-4847-8595-612290FED20B","ObjectType":"CertTemplate"},{"ObjectIdentifier":"480C75F6-28BC-400C-8D67-B4D6EEBC9DA7","ObjectType":"CertTemplate"},{"ObjectIdentifier":"E5E7AE1F-F598-425F-89AB-5AAC92DB652B","ObjectType":"CertTemplate"},{"ObjectIdentifier":"9417CE27-E9D4-4409-8D83-57A293AC4960","ObjectType":"CertTemplate"},{"ObjectIdentifier":"76FBDD0B-1C31-4546-82DF-338DE1708425","ObjectType":"CertTemplate"},{"ObjectIdentifier":"3F300E32-120C-4CB9-839D-DF031F7C29B4","ObjectType":"CertTemplate"},{"ObjectIdentifier":"F3C60681-C903-4AE0-BC8D-B57FDD304F49","ObjectType":"CertTemplate"},{"ObjectIdentifier":"AA7931F7-9690-4924-8F44-BA2B4A4C6B97","ObjectType":"CertTemplate"},{"ObjectIdentifier":"3B0E2BD2-35AE-4A83-8F08-33257D3C79CD","ObjectType":"CertTemplate"},{"ObjectIdentifier":"7829FE08-1890-4DDB-A89A-A2440BAF16EC","ObjectType":"CertTemplate"},{"ObjectIdentifier":"BDE91949-BA7D-43CE-983B-4898129D12BA","ObjectType":"CertTemplate"},{"ObjectIdentifier":"AC387FB1-031B-4766-92A8-09CC1A48148C","ObjectType":"CertTemplate"},{"ObjectIdentifier":"D5DE650B-485B-46E0-964E-E177928823D9","ObjectType":"CertTemplate"},{"ObjectIdentifier":"1B87AB40-4AF5-48EC-BB56-32322C48EEA4","ObjectType":"CertTemplate"},{"ObjectIdentifier":"37E8C292-32B2-42C7-9CA2-614B7C425DC4","ObjectType":"CertTemplate"},{"ObjectIdentifier":"4D137B5B-FBB1-4B32-A610-6420CCF39FDE","ObjectType":"CertTemplate"},{"ObjectIdentifier":"5AEDBDBF-2287-43DA-8B23-CCA0DBE93730","ObjectType":"CertTemplate"}],"Aces":[{"PrincipalSID":"S-1-5-21-2510282756-2178082174-2897843377-519","PrincipalType":"Group","RightName":"Owns","IsInherited":false},{"PrincipalSID":"S-1-5-21-2510282756-2178082174-2897843377-519","PrincipalType":"Group","RightName":"WriteDacl","IsInherited":false},{"PrincipalSID":"S-1-5-21-2510282756-2178082174-2897843377-519","PrincipalType":"Group","RightName":"WriteOwner","IsInherited":false},{"PrincipalSID":"S-1-5-21-2510282756-2178082174-2897843377-519","PrincipalType":"Group","RightName":"ManageCA","IsInherited":false},{"PrincipalSID":"S-1-5-21-2510282756-2178082174-2897843377-519","PrincipalType":"Group","RightName":"ManageCertificates","IsInherited":false},{"PrincipalSID":"S-1-5-21-2510282756-2178082174-2897843377-1104","PrincipalType":"Computer","RightName":"WriteDacl","IsInherited":false},{"PrincipalSID":"S-1-5-21-2510282756-2178082174-2897843377-1104","PrincipalType":"Computer","RightName":"WriteOwner","IsInherited":false},{"PrincipalSID":"S-1-5-21-2510282756-2178082174-2897843377-1104","PrincipalType":"Computer","RightName":"ManageCA","IsInherited":false},{"PrincipalSID":"S-1-5-21-2510282756-2178082174-2897843377-1104","PrincipalType":"Computer","RightName":"ManageCertificates","IsInherited":false},{"PrincipalSID":"BADBLOOD.UK-S-1-5-11","PrincipalType":"Group","RightName":"Enroll","IsInherited":false},{"PrincipalSID":"S-1-5-21-2510282756-2178082174-2897843377-519","PrincipalType":"Group","RightName":"GenericAll","IsInherited":true},{"PrincipalSID":"S-1-5-21-2510282756-2178082174-2897843377-512","PrincipalType":"Group","RightName":"WriteDacl","IsInherited":true},{"PrincipalSID":"S-1-5-21-2510282756-2178082174-2897843377-512","PrincipalType":"Group","RightName":"WriteOwner","IsInherited":true},{"PrincipalSID":"S-1-5-21-2510282756-2178082174-2897843377-512","PrincipalType":"Group","RightName":"ManageCA","IsInherited":true}],"ObjectIdentifier":"278EE041-AEFC-44BB-920E-113D137A013C","IsDeleted":false,"IsACLProtected":false,"ContainedBy":{"ObjectIdentifier":"4D333BDF-4877-4E3D-90C4-63E8181ECD62","ObjectType":"Container"}}],"meta":{"methods":521215,"type":"enterprisecas","count":1,"version":6}}