{"data":[{"Properties":{"domain":"BADBLOOD.UK","name":"NTAUTHCERTIFICATES@BADBLOOD.UK","distinguishedname":"CN=NTAUTHCERTIFICATES,CN=PUBLIC KEY SERVICES,CN=SERVICES,CN=CONFIGURATION,DC=BADBLOOD,DC=UK","domainsid":"S-1-5-21-2510282756-2178082174-2897843377","isaclprotected":false,"certthumbprints":["9B5A46F1FFD382900B28B48B1807F41632A8828A"],"description":null,"whencreated":1705499780},"DomainSID":"S-1-5-21-2510282756-2178082174-2897843377","Aces":[{"PrincipalSID":"S-1-5-21-2510282756-2178082174-2897843377-519","PrincipalType":"Group","RightName":"Owns","IsInherited":false},{"PrincipalSID":"BADBLOOD.UK-S-1-5-32-544","PrincipalType":"Group","RightName":"GenericAll","IsInherited":false},{"PrincipalSID":"S-1-5-21-2510282756-2178082174-2897843377-512","PrincipalType":"Group","RightName":"GenericAll","IsInherited":false},{"PrincipalSID":"S-1-5-21-2510282756-2178082174-2897843377-519","PrincipalType":"Group","RightName":"GenericAll","IsInherited":false},{"PrincipalSID":"S-1-5-21-2510282756-2178082174-2897843377-519","PrincipalType":"Group","RightName":"GenericAll","IsInherited":true},{"PrincipalSID":"S-1-5-21-2510282756-2178082174-2897843377-512","PrincipalType":"Group","RightName":"WriteDacl","IsInherited":true},{"PrincipalSID":"S-1-5-21-2510282756-2178082174-2897843377-512","PrincipalType":"Group","RightName":"WriteOwner","IsInherited":true}],"ObjectIdentifier":"796F1A9C-6B6D-4EC2-8677-478475D29938","IsDeleted":false,"IsACLProtected":false,"ContainedBy":{"ObjectIdentifier":"14DF2FC3-91B1-4F86-B682-D2404AB4505E","ObjectType":"Container"}}],"meta":{"methods":521215,"type":"ntauthstores","count":1,"version":6}}