{"data":[{"Properties":{"domain":"BADBLOOD.UK","name":"BADBLOODCA@BADBLOOD.UK","distinguishedname":"CN=BADBLOODCA,CN=AIA,CN=PUBLIC KEY SERVICES,CN=SERVICES,CN=CONFIGURATION,DC=BADBLOOD,DC=UK","domainsid":"S-1-5-21-2510282756-2178082174-2897843377","isaclprotected":false,"description":null,"whencreated":1705499780,"crosscertificatepair":[],"hascrosscertificatepair":false,"certthumbprint":"9B5A46F1FFD382900B28B48B1807F41632A8828A","certname":"9B5A46F1FFD382900B28B48B1807F41632A8828A","certchain":["9B5A46F1FFD382900B28B48B1807F41632A8828A"],"hasbasicconstraints":false,"basicconstraintpathlength":0},"Aces":[{"PrincipalSID":"S-1-5-21-2510282756-2178082174-2897843377-519","PrincipalType":"Group","RightName":"Owns","IsInherited":false},{"PrincipalSID":"BADBLOOD.UK-S-1-5-32-544","PrincipalType":"Group","RightName":"GenericAll","IsInherited":false},{"PrincipalSID":"S-1-5-21-2510282756-2178082174-2897843377-512","PrincipalType":"Group","RightName":"GenericAll","IsInherited":false},{"PrincipalSID":"S-1-5-21-2510282756-2178082174-2897843377-519","PrincipalType":"Group","RightName":"GenericAll","IsInherited":false},{"PrincipalSID":"S-1-5-21-2510282756-2178082174-2897843377-1104","PrincipalType":"Computer","RightName":"GenericAll","IsInherited":false},{"PrincipalSID":"S-1-5-21-2510282756-2178082174-2897843377-519","PrincipalType":"Group","RightName":"GenericAll","IsInherited":true},{"PrincipalSID":"S-1-5-21-2510282756-2178082174-2897843377-512","PrincipalType":"Group","RightName":"WriteDacl","IsInherited":true},{"PrincipalSID":"S-1-5-21-2510282756-2178082174-2897843377-512","PrincipalType":"Group","RightName":"WriteOwner","IsInherited":true}],"ObjectIdentifier":"752EB1C4-5F84-4CA2-82CC-868B97AE41FA","IsDeleted":false,"IsACLProtected":false,"ContainedBy":{"ObjectIdentifier":"E393684B-74A0-4E94-A850-34F31E0F5DCB","ObjectType":"Container"}}],"meta":{"methods":521215,"type":"aiacas","count":1,"version":6}}