{"data":[{"Properties":{"domain":"BADBLOOD.UK","name":"BADBLOODCA@BADBLOOD.UK","distinguishedname":"CN=BADBLOODCA,CN=CERTIFICATION AUTHORITIES,CN=PUBLIC KEY SERVICES,CN=SERVICES,CN=CONFIGURATION,DC=BADBLOOD,DC=UK","domainsid":"S-1-5-21-2510282756-2178082174-2897843377","isaclprotected":false,"description":null,"whencreated":1705499780,"certthumbprint":"9B5A46F1FFD382900B28B48B1807F41632A8828A","certname":"9B5A46F1FFD382900B28B48B1807F41632A8828A","certchain":["9B5A46F1FFD382900B28B48B1807F41632A8828A"],"hasbasicconstraints":false,"basicconstraintpathlength":0},"DomainSID":"S-1-5-21-2510282756-2178082174-2897843377","Aces":[{"PrincipalSID":"S-1-5-21-2510282756-2178082174-2897843377-519","PrincipalType":"Group","RightName":"Owns","IsInherited":false},{"PrincipalSID":"BADBLOOD.UK-S-1-5-32-544","PrincipalType":"Group","RightName":"GenericAll","IsInherited":false},{"PrincipalSID":"S-1-5-21-2510282756-2178082174-2897843377-512","PrincipalType":"Group","RightName":"GenericAll","IsInherited":false},{"PrincipalSID":"S-1-5-21-2510282756-2178082174-2897843377-517","PrincipalType":"Group","RightName":"GenericAll","IsInherited":false},{"PrincipalSID":"S-1-5-21-2510282756-2178082174-2897843377-519","PrincipalType":"Group","RightName":"GenericAll","IsInherited":false},{"PrincipalSID":"S-1-5-21-2510282756-2178082174-2897843377-519","PrincipalType":"Group","RightName":"GenericAll","IsInherited":true},{"PrincipalSID":"S-1-5-21-2510282756-2178082174-2897843377-512","PrincipalType":"Group","RightName":"WriteDacl","IsInherited":true},{"PrincipalSID":"S-1-5-21-2510282756-2178082174-2897843377-512","PrincipalType":"Group","RightName":"WriteOwner","IsInherited":true}],"ObjectIdentifier":"8D89EABE-B15E-49D3-85E0-E16FD843531A","IsDeleted":false,"IsACLProtected":false,"ContainedBy":{"ObjectIdentifier":"A4EB1EC1-4AF8-4FD0-AC41-15AB795ACFF1","ObjectType":"Container"}}],"meta":{"methods":521215,"type":"rootcas","count":1,"version":6}}