{"data":[{"Properties":{"gpcfunctionalityversion":2,"usnchanged":40857,"showinadvancedviewonly":true,"gpcmachineextensionnames":"[{827D319E-6EAC-11D2-A4EA-00C04F79F83A}{803E14A0-B4FB-11D0-A0D0-00A0C90F574B}][{B087BE9D-ED37-454F-AF9C-04291E351182}{BEE07A6A-EC9F-4659-B8C9-0B1937907C83}]","instancetype":4,"versionnumber":3,"objectcategory":"CN=Group-Policy-Container,CN=Schema,CN=Configuration,DC=badblood,DC=uk","flags":0,"whenchanged":1705507297,"usncreated":5675,"iscriticalsystemobject":true,"systemflags":-1946157056,"dscorepropagationdata":[1705507239,1705499082,-11644473600],"domain":"BADBLOOD.UK","name":"DEFAULT DOMAIN CONTROLLERS POLICY@BADBLOOD.UK","distinguishedname":"CN={6AC1786C-016F-11D2-945F-00C04FB984F9},CN=POLICIES,CN=SYSTEM,DC=BADBLOOD,DC=UK","domainsid":"S-1-5-21-2510282756-2178082174-2897843377","highvalue":false,"isaclprotected":true,"description":null,"whencreated":1705498791,"gpcpath":"\\\\BADBLOOD.UK\\SYSVOL\\BADBLOOD.UK\\POLICIES\\{6AC1786C-016F-11D2-945F-00C04FB984F9}"},"Aces":[{"PrincipalSID":"S-1-5-21-2510282756-2178082174-2897843377-512","PrincipalType":"Group","RightName":"Owns","IsInherited":false},{"PrincipalSID":"S-1-5-21-2510282756-2178082174-2897843377-512","PrincipalType":"Group","RightName":"WriteDacl","IsInherited":false},{"PrincipalSID":"S-1-5-21-2510282756-2178082174-2897843377-512","PrincipalType":"Group","RightName":"WriteOwner","IsInherited":false},{"PrincipalSID":"S-1-5-21-2510282756-2178082174-2897843377-512","PrincipalType":"Group","RightName":"GenericWrite","IsInherited":false},{"PrincipalSID":"S-1-5-21-2510282756-2178082174-2897843377-512","PrincipalType":"Group","RightName":"WriteDacl","IsInherited":false},{"PrincipalSID":"S-1-5-21-2510282756-2178082174-2897843377-512","PrincipalType":"Group","RightName":"WriteOwner","IsInherited":false},{"PrincipalSID":"S-1-5-21-2510282756-2178082174-2897843377-512","PrincipalType":"Group","RightName":"GenericWrite","IsInherited":false},{"PrincipalSID":"S-1-5-21-2510282756-2178082174-2897843377-519","PrincipalType":"Group","RightName":"WriteDacl","IsInherited":false},{"PrincipalSID":"S-1-5-21-2510282756-2178082174-2897843377-519","PrincipalType":"Group","RightName":"WriteOwner","IsInherited":false},{"PrincipalSID":"S-1-5-21-2510282756-2178082174-2897843377-519","PrincipalType":"Group","RightName":"GenericWrite","IsInherited":false}],"ObjectIdentifier":"AAE6061D-1BDC-4F73-BFEC-288FCBF7A26A","IsDeleted":false,"IsACLProtected":true,"ContainedBy":null},{"Properties":{"gpcfunctionalityversion":2,"usnchanged":16513,"showinadvancedviewonly":true,"gpcmachineextensionnames":"[{35378EAC-683F-11D2-A89A-00C04FBBCFA2}{53D6AB1B-2488-11D1-A28C-00C04FB94F17}][{827D319E-6EAC-11D2-A4EA-00C04F79F83A}{803E14A0-B4FB-11D0-A0D0-00A0C90F574B}][{B1BE8D72-6EAC-11D2-A4EA-00C04F79F83A}{53D6AB1B-2488-11D1-A28C-00C04FB94F17}]","instancetype":4,"versionnumber":4,"objectcategory":"CN=Group-Policy-Container,CN=Schema,CN=Configuration,DC=badblood,DC=uk","flags":0,"whenchanged":1705506156,"usncreated":5672,"iscriticalsystemobject":true,"systemflags":-1946157056,"dscorepropagationdata":[1705507239,1705499082,-11644473600],"domain":"BADBLOOD.UK","name":"DEFAULT DOMAIN POLICY@BADBLOOD.UK","distinguishedname":"CN={31B2F340-016D-11D2-945F-00C04FB984F9},CN=POLICIES,CN=SYSTEM,DC=BADBLOOD,DC=UK","domainsid":"S-1-5-21-2510282756-2178082174-2897843377","highvalue":false,"isaclprotected":true,"description":null,"whencreated":1705498791,"gpcpath":"\\\\BADBLOOD.UK\\SYSVOL\\BADBLOOD.UK\\POLICIES\\{31B2F340-016D-11D2-945F-00C04FB984F9}"},"Aces":[{"PrincipalSID":"S-1-5-21-2510282756-2178082174-2897843377-512","PrincipalType":"Group","RightName":"Owns","IsInherited":false},{"PrincipalSID":"S-1-5-21-2510282756-2178082174-2897843377-512","PrincipalType":"Group","RightName":"WriteDacl","IsInherited":false},{"PrincipalSID":"S-1-5-21-2510282756-2178082174-2897843377-512","PrincipalType":"Group","RightName":"WriteOwner","IsInherited":false},{"PrincipalSID":"S-1-5-21-2510282756-2178082174-2897843377-512","PrincipalType":"Group","RightName":"GenericWrite","IsInherited":false},{"PrincipalSID":"S-1-5-21-2510282756-2178082174-2897843377-512","PrincipalType":"Group","RightName":"WriteDacl","IsInherited":false},{"PrincipalSID":"S-1-5-21-2510282756-2178082174-2897843377-512","PrincipalType":"Group","RightName":"WriteOwner","IsInherited":false},{"PrincipalSID":"S-1-5-21-2510282756-2178082174-2897843377-512","PrincipalType":"Group","RightName":"GenericWrite","IsInherited":false},{"PrincipalSID":"S-1-5-21-2510282756-2178082174-2897843377-519","PrincipalType":"Group","RightName":"WriteDacl","IsInherited":false},{"PrincipalSID":"S-1-5-21-2510282756-2178082174-2897843377-519","PrincipalType":"Group","RightName":"WriteOwner","IsInherited":false},{"PrincipalSID":"S-1-5-21-2510282756-2178082174-2897843377-519","PrincipalType":"Group","RightName":"GenericWrite","IsInherited":false}],"ObjectIdentifier":"43CDEE92-7AC3-484A-99E3-55026EBFF3C6","IsDeleted":false,"IsACLProtected":true,"ContainedBy":null},{"Properties":{"gpcfunctionalityversion":2,"usnchanged":40749,"showinadvancedviewonly":true,"instancetype":4,"versionnumber":0,"objectcategory":"CN=Group-Policy-Container,CN=Schema,CN=Configuration,DC=badblood,DC=uk","flags":0,"whenchanged":1705507272,"usncreated":40740,"dscorepropagationdata":[1705507272,-11644473600],"domain":"BADBLOOD.UK","name":"BADBLOOD CUSTOM DOMAIN CONTROLLERS POLICY@BADBLOOD.UK","distinguishedname":"CN={E944B239-74B0-4846-83EC-80EB2819FDC7},CN=POLICIES,CN=SYSTEM,DC=BADBLOOD,DC=UK","domainsid":"S-1-5-21-2510282756-2178082174-2897843377","highvalue":false,"isaclprotected":true,"description":null,"whencreated":1705507272,"gpcpath":"\\\\BADBLOOD.UK\\SYSVOL\\BADBLOOD.UK\\POLICIES\\{E944B239-74B0-4846-83EC-80EB2819FDC7}"},"Aces":[{"PrincipalSID":"S-1-5-21-2510282756-2178082174-2897843377-512","PrincipalType":"Group","RightName":"Owns","IsInherited":false},{"PrincipalSID":"S-1-5-21-2510282756-2178082174-2897843377-512","PrincipalType":"Group","RightName":"WriteDacl","IsInherited":false},{"PrincipalSID":"S-1-5-21-2510282756-2178082174-2897843377-512","PrincipalType":"Group","RightName":"WriteOwner","IsInherited":false},{"PrincipalSID":"S-1-5-21-2510282756-2178082174-2897843377-512","PrincipalType":"Group","RightName":"GenericWrite","IsInherited":false},{"PrincipalSID":"S-1-5-21-2510282756-2178082174-2897843377-519","PrincipalType":"Group","RightName":"WriteDacl","IsInherited":false},{"PrincipalSID":"S-1-5-21-2510282756-2178082174-2897843377-519","PrincipalType":"Group","RightName":"WriteOwner","IsInherited":false},{"PrincipalSID":"S-1-5-21-2510282756-2178082174-2897843377-519","PrincipalType":"Group","RightName":"GenericWrite","IsInherited":false},{"PrincipalSID":"S-1-5-21-2510282756-2178082174-2897843377-1336","PrincipalType":"User","RightName":"WriteDacl","IsInherited":false},{"PrincipalSID":"S-1-5-21-2510282756-2178082174-2897843377-1336","PrincipalType":"User","RightName":"WriteOwner","IsInherited":false},{"PrincipalSID":"S-1-5-21-2510282756-2178082174-2897843377-1336","PrincipalType":"User","RightName":"GenericWrite","IsInherited":false}],"ObjectIdentifier":"D5F3FDB3-7E2C-4429-B9B6-0DD6A742352B","IsDeleted":false,"IsACLProtected":true,"ContainedBy":null},{"Properties":{"gpcfunctionalityversion":2,"usnchanged":40689,"showinadvancedviewonly":true,"gpcmachineextensionnames":"[{35378EAC-683F-11D2-A89A-00C04FBBCFA2}{D02B1F72-3407-48AE-BA88-E8213C6761F1}]","instancetype":4,"versionnumber":1,"objectcategory":"CN=Group-Policy-Container,CN=Schema,CN=Configuration,DC=badblood,DC=uk","flags":0,"whenchanged":1705507239,"usncreated":40683,"dscorepropagationdata":-11644473600,"domain":"BADBLOOD.UK","name":"KERBEROSENCRYPTIONGPO@BADBLOOD.UK","distinguishedname":"CN={7DCAD92A-EBCA-4A05-9485-EAC28E0F1474},CN=POLICIES,CN=SYSTEM,DC=BADBLOOD,DC=UK","domainsid":"S-1-5-21-2510282756-2178082174-2897843377","highvalue":false,"isaclprotected":true,"description":null,"whencreated":1705507239,"gpcpath":"\\\\BADBLOOD.UK\\SYSVOL\\BADBLOOD.UK\\POLICIES\\{7DCAD92A-EBCA-4A05-9485-EAC28E0F1474}"},"Aces":[{"PrincipalSID":"S-1-5-21-2510282756-2178082174-2897843377-512","PrincipalType":"Group","RightName":"Owns","IsInherited":false},{"PrincipalSID":"S-1-5-21-2510282756-2178082174-2897843377-512","PrincipalType":"Group","RightName":"WriteDacl","IsInherited":false},{"PrincipalSID":"S-1-5-21-2510282756-2178082174-2897843377-512","PrincipalType":"Group","RightName":"WriteOwner","IsInherited":false},{"PrincipalSID":"S-1-5-21-2510282756-2178082174-2897843377-512","PrincipalType":"Group","RightName":"GenericWrite","IsInherited":false},{"PrincipalSID":"S-1-5-21-2510282756-2178082174-2897843377-519","PrincipalType":"Group","RightName":"WriteDacl","IsInherited":false},{"PrincipalSID":"S-1-5-21-2510282756-2178082174-2897843377-519","PrincipalType":"Group","RightName":"WriteOwner","IsInherited":false},{"PrincipalSID":"S-1-5-21-2510282756-2178082174-2897843377-519","PrincipalType":"Group","RightName":"GenericWrite","IsInherited":false}],"ObjectIdentifier":"FD73C97D-C65B-4963-89B5-5137DFA77358","IsDeleted":false,"IsACLProtected":true,"ContainedBy":null},{"Properties":{"gpcfunctionalityversion":2,"usnchanged":40794,"showinadvancedviewonly":true,"gpcmachineextensionnames":"[{35378EAC-683F-11D2-A89A-00C04FBBCFA2}{D02B1F72-3407-48AE-BA88-E8213C6761F1}]","instancetype":4,"versionnumber":11,"objectcategory":"CN=Group-Policy-Container,CN=Schema,CN=Configuration,DC=badblood,DC=uk","flags":0,"whenchanged":1705507276,"usncreated":40775,"dscorepropagationdata":-11644473600,"domain":"BADBLOOD.UK","name":"LAPS POLICY GPO@BADBLOOD.UK","distinguishedname":"CN={CF128A86-A6D0-4469-AF1C-7DA7C50845BD},CN=POLICIES,CN=SYSTEM,DC=BADBLOOD,DC=UK","domainsid":"S-1-5-21-2510282756-2178082174-2897843377","highvalue":false,"isaclprotected":true,"description":null,"whencreated":1705507275,"gpcpath":"\\\\BADBLOOD.UK\\SYSVOL\\BADBLOOD.UK\\POLICIES\\{CF128A86-A6D0-4469-AF1C-7DA7C50845BD}"},"Aces":[{"PrincipalSID":"S-1-5-21-2510282756-2178082174-2897843377-512","PrincipalType":"Group","RightName":"Owns","IsInherited":false},{"PrincipalSID":"S-1-5-21-2510282756-2178082174-2897843377-512","PrincipalType":"Group","RightName":"WriteDacl","IsInherited":false},{"PrincipalSID":"S-1-5-21-2510282756-2178082174-2897843377-512","PrincipalType":"Group","RightName":"WriteOwner","IsInherited":false},{"PrincipalSID":"S-1-5-21-2510282756-2178082174-2897843377-512","PrincipalType":"Group","RightName":"GenericWrite","IsInherited":false},{"PrincipalSID":"S-1-5-21-2510282756-2178082174-2897843377-519","PrincipalType":"Group","RightName":"WriteDacl","IsInherited":false},{"PrincipalSID":"S-1-5-21-2510282756-2178082174-2897843377-519","PrincipalType":"Group","RightName":"WriteOwner","IsInherited":false},{"PrincipalSID":"S-1-5-21-2510282756-2178082174-2897843377-519","PrincipalType":"Group","RightName":"GenericWrite","IsInherited":false}],"ObjectIdentifier":"045BD101-4F3D-4D53-89A6-776256FB3C0B","IsDeleted":false,"IsACLProtected":true,"ContainedBy":null}],"meta":{"methods":521215,"type":"gpos","count":5,"version":6}}