{"data":[{"Properties":{"domain":"EVILCORP.COM","name":"EVILCORPCA@EVILCORP.COM","distinguishedname":"CN=EVILCORPCA,CN=AIA,CN=PUBLIC KEY SERVICES,CN=SERVICES,CN=CONFIGURATION,DC=EVILCORP,DC=COM","domainsid":"S-1-5-21-3169024058-1697859750-3651543097","isaclprotected":false,"description":null,"whencreated":1710788428,"crosscertificatepair":[],"hascrosscertificatepair":false,"certthumbprint":"A65CB1FF07C6CCA535BD69957221E1BD8B797FEB","certname":"A65CB1FF07C6CCA535BD69957221E1BD8B797FEB","certchain":["A65CB1FF07C6CCA535BD69957221E1BD8B797FEB"],"hasbasicconstraints":false,"basicconstraintpathlength":0},"Aces":[{"PrincipalSID":"S-1-5-21-3169024058-1697859750-3651543097-519","PrincipalType":"Group","RightName":"Owns","IsInherited":false},{"PrincipalSID":"EVILCORP.COM-S-1-5-32-544","PrincipalType":"Group","RightName":"GenericAll","IsInherited":false},{"PrincipalSID":"S-1-5-21-3169024058-1697859750-3651543097-512","PrincipalType":"Group","RightName":"GenericAll","IsInherited":false},{"PrincipalSID":"S-1-5-21-3169024058-1697859750-3651543097-519","PrincipalType":"Group","RightName":"GenericAll","IsInherited":false},{"PrincipalSID":"S-1-5-21-3169024058-1697859750-3651543097-1104","PrincipalType":"Computer","RightName":"GenericAll","IsInherited":false},{"PrincipalSID":"S-1-5-21-3169024058-1697859750-3651543097-519","PrincipalType":"Group","RightName":"GenericAll","IsInherited":true},{"PrincipalSID":"S-1-5-21-3169024058-1697859750-3651543097-512","PrincipalType":"Group","RightName":"WriteDacl","IsInherited":true},{"PrincipalSID":"S-1-5-21-3169024058-1697859750-3651543097-512","PrincipalType":"Group","RightName":"WriteOwner","IsInherited":true}],"ObjectIdentifier":"AF6AEE30-AF72-4FB4-BA5A-F7C743CB683C","IsDeleted":false,"IsACLProtected":false,"ContainedBy":{"ObjectIdentifier":"90F93BEB-3A38-4BB5-A658-221CAA2C12AF","ObjectType":"Container"}}],"meta":{"methods":521215,"type":"aiacas","count":1,"version":6}}