{"data":[{"Properties":{"domain":"EVILCORP.COM","name":"NTAUTHCERTIFICATES@EVILCORP.COM","distinguishedname":"CN=NTAUTHCERTIFICATES,CN=PUBLIC KEY SERVICES,CN=SERVICES,CN=CONFIGURATION,DC=EVILCORP,DC=COM","domainsid":"S-1-5-21-3169024058-1697859750-3651543097","isaclprotected":false,"certthumbprints":["A65CB1FF07C6CCA535BD69957221E1BD8B797FEB"],"description":null,"whencreated":1710788428},"DomainSID":"S-1-5-21-3169024058-1697859750-3651543097","Aces":[{"PrincipalSID":"S-1-5-21-3169024058-1697859750-3651543097-519","PrincipalType":"Group","RightName":"Owns","IsInherited":false},{"PrincipalSID":"EVILCORP.COM-S-1-5-32-544","PrincipalType":"Group","RightName":"GenericAll","IsInherited":false},{"PrincipalSID":"S-1-5-21-3169024058-1697859750-3651543097-512","PrincipalType":"Group","RightName":"GenericAll","IsInherited":false},{"PrincipalSID":"S-1-5-21-3169024058-1697859750-3651543097-519","PrincipalType":"Group","RightName":"GenericAll","IsInherited":false},{"PrincipalSID":"S-1-5-21-3169024058-1697859750-3651543097-519","PrincipalType":"Group","RightName":"GenericAll","IsInherited":true},{"PrincipalSID":"S-1-5-21-3169024058-1697859750-3651543097-512","PrincipalType":"Group","RightName":"WriteDacl","IsInherited":true},{"PrincipalSID":"S-1-5-21-3169024058-1697859750-3651543097-512","PrincipalType":"Group","RightName":"WriteOwner","IsInherited":true}],"ObjectIdentifier":"D47F2E15-0959-44CA-80C4-864C3CBE6A6E","IsDeleted":false,"IsACLProtected":false,"ContainedBy":{"ObjectIdentifier":"E1515CA8-8C31-40DA-B472-2586095B2D13","ObjectType":"Container"}}],"meta":{"methods":521215,"type":"ntauthstores","count":1,"version":6}}