{"data":[{"Properties":{"domain":"EVILCORP.COM","name":"EVILCORPCA@EVILCORP.COM","distinguishedname":"CN=EVILCORPCA,CN=ENROLLMENT SERVICES,CN=PUBLIC KEY SERVICES,CN=SERVICES,CN=CONFIGURATION,DC=EVILCORP,DC=COM","domainsid":"S-1-5-21-3169024058-1697859750-3651543097","isaclprotected":false,"description":null,"whencreated":1710788429,"flags":"SUPPORTS_NT_AUTHENTICATION, CA_SERVERTYPE_ADVANCED","caname":"EvilCorpCA","dnshostname":"ECCA01.evilcorp.com","certthumbprint":"A65CB1FF07C6CCA535BD69957221E1BD8B797FEB","certname":"A65CB1FF07C6CCA535BD69957221E1BD8B797FEB","certchain":["A65CB1FF07C6CCA535BD69957221E1BD8B797FEB"],"hasbasicconstraints":false,"basicconstraintpathlength":0,"casecuritycollected":true,"enrollmentagentrestrictionscollected":true,"isuserspecifiessanenabledcollected":true},"HostingComputer":"S-1-5-21-3169024058-1697859750-3651543097-1104","CARegistryData":{"CASecurity":{"Data":[{"PrincipalSID":"S-1-5-21-3169024058-1697859750-3651543097-1104-544","PrincipalType":"LocalGroup","RightName":"Owns","IsInherited":false},{"PrincipalSID":"EVILCORP.COM-S-1-5-11","PrincipalType":"Group","RightName":"Enroll","IsInherited":false},{"PrincipalSID":"S-1-5-21-3169024058-1697859750-3651543097-1104-544","PrincipalType":"LocalGroup","RightName":"ManageCA","IsInherited":false},{"PrincipalSID":"S-1-5-21-3169024058-1697859750-3651543097-1104-544","PrincipalType":"LocalGroup","RightName":"ManageCertificates","IsInherited":false},{"PrincipalSID":"S-1-5-21-3169024058-1697859750-3651543097-512","PrincipalType":"Group","RightName":"ManageCA","IsInherited":false},{"PrincipalSID":"S-1-5-21-3169024058-1697859750-3651543097-512","PrincipalType":"Group","RightName":"ManageCertificates","IsInherited":false},{"PrincipalSID":"S-1-5-21-3169024058-1697859750-3651543097-519","PrincipalType":"Group","RightName":"ManageCA","IsInherited":false},{"PrincipalSID":"S-1-5-21-3169024058-1697859750-3651543097-519","PrincipalType":"Group","RightName":"ManageCertificates","IsInherited":false},{"PrincipalSID":"S-1-5-21-3169024058-1697859750-3651543097-1190","PrincipalType":"User","RightName":"ManageCA","IsInherited":false},{"PrincipalSID":"S-1-5-21-3169024058-1697859750-3651543097-1518","PrincipalType":"User","RightName":"ManageCertificates","IsInherited":false}],"Collected":true,"FailureReason":null},"EnrollmentAgentRestrictions":{"Restrictions":[],"Collected":true,"FailureReason":null},"IsUserSpecifiesSanEnabled":{"Value":true,"Collected":true,"FailureReason":null}},"EnabledCertTemplates":[{"ObjectIdentifier":"06913619-0E64-4D43-A319-E358006D8D4D","ObjectType":"CertTemplate"},{"ObjectIdentifier":"1CB332CC-B8AD-4194-B497-E4258DE2A6C5","ObjectType":"CertTemplate"},{"ObjectIdentifier":"C7A11A43-9EBD-4996-81CA-02EE2542A12B","ObjectType":"CertTemplate"},{"ObjectIdentifier":"C1A73590-0822-445B-A23E-E9D2815EED5B","ObjectType":"CertTemplate"},{"ObjectIdentifier":"DECD577E-E66D-4C82-81A5-ACB35228A7F1","ObjectType":"CertTemplate"},{"ObjectIdentifier":"922B18A8-C60F-4C1E-91CF-62C5ABCEEDF5","ObjectType":"CertTemplate"},{"ObjectIdentifier":"19DAF982-054C-4BFE-839B-40F8632159EF","ObjectType":"CertTemplate"},{"ObjectIdentifier":"B87E429F-6E02-4C6F-A6D7-014CC64441F2","ObjectType":"CertTemplate"},{"ObjectIdentifier":"A09B199A-28FE-4126-8B07-AE4FF91F430B","ObjectType":"CertTemplate"},{"ObjectIdentifier":"A279300A-2CCA-44FB-9858-22F5929584A5","ObjectType":"CertTemplate"},{"ObjectIdentifier":"6C83A6B7-3F15-4AC3-B97E-8AD2EEFD5A81","ObjectType":"CertTemplate"},{"ObjectIdentifier":"9F1FB108-44CF-4C2D-8D7C-E04D108B9B07","ObjectType":"CertTemplate"},{"ObjectIdentifier":"DE2FF42A-7C3B-4E5D-93F2-D8BC062AEBA2","ObjectType":"CertTemplate"},{"ObjectIdentifier":"3AF9F354-E94E-456A-94E1-E1CF6D6F41A0","ObjectType":"CertTemplate"},{"ObjectIdentifier":"560215D4-5683-4E4E-A6EA-F01D374B3A5E","ObjectType":"CertTemplate"},{"ObjectIdentifier":"F96CE734-B595-4C91-96AE-EC4A1EA0A04B","ObjectType":"CertTemplate"},{"ObjectIdentifier":"A70F704B-A854-40F2-B5BF-FDA7C3951DB2","ObjectType":"CertTemplate"},{"ObjectIdentifier":"313BCE15-D18E-40E2-A80D-95C9046CBEF1","ObjectType":"CertTemplate"},{"ObjectIdentifier":"4773814E-1957-4B70-8BBB-1DC2FCF13FF0","ObjectType":"CertTemplate"},{"ObjectIdentifier":"FCB01AD3-DFBF-42A2-84AE-8C0524FF6C08","ObjectType":"CertTemplate"}],"Aces":[{"PrincipalSID":"S-1-5-21-3169024058-1697859750-3651543097-519","PrincipalType":"Group","RightName":"Owns","IsInherited":false},{"PrincipalSID":"S-1-5-21-3169024058-1697859750-3651543097-519","PrincipalType":"Group","RightName":"WriteDacl","IsInherited":false},{"PrincipalSID":"S-1-5-21-3169024058-1697859750-3651543097-519","PrincipalType":"Group","RightName":"WriteOwner","IsInherited":false},{"PrincipalSID":"S-1-5-21-3169024058-1697859750-3651543097-519","PrincipalType":"Group","RightName":"ManageCA","IsInherited":false},{"PrincipalSID":"S-1-5-21-3169024058-1697859750-3651543097-519","PrincipalType":"Group","RightName":"ManageCertificates","IsInherited":false},{"PrincipalSID":"S-1-5-21-3169024058-1697859750-3651543097-1104","PrincipalType":"Computer","RightName":"WriteDacl","IsInherited":false},{"PrincipalSID":"S-1-5-21-3169024058-1697859750-3651543097-1104","PrincipalType":"Computer","RightName":"WriteOwner","IsInherited":false},{"PrincipalSID":"S-1-5-21-3169024058-1697859750-3651543097-1104","PrincipalType":"Computer","RightName":"ManageCA","IsInherited":false},{"PrincipalSID":"S-1-5-21-3169024058-1697859750-3651543097-1104","PrincipalType":"Computer","RightName":"ManageCertificates","IsInherited":false},{"PrincipalSID":"EVILCORP.COM-S-1-5-11","PrincipalType":"Group","RightName":"Enroll","IsInherited":false},{"PrincipalSID":"S-1-5-21-3169024058-1697859750-3651543097-519","PrincipalType":"Group","RightName":"GenericAll","IsInherited":true},{"PrincipalSID":"S-1-5-21-3169024058-1697859750-3651543097-512","PrincipalType":"Group","RightName":"WriteDacl","IsInherited":true},{"PrincipalSID":"S-1-5-21-3169024058-1697859750-3651543097-512","PrincipalType":"Group","RightName":"WriteOwner","IsInherited":true},{"PrincipalSID":"S-1-5-21-3169024058-1697859750-3651543097-512","PrincipalType":"Group","RightName":"ManageCA","IsInherited":true}],"ObjectIdentifier":"C64AADEB-E3D0-45BF-91A5-8AB53DFC62E1","IsDeleted":false,"IsACLProtected":false,"ContainedBy":{"ObjectIdentifier":"BCDBF5D8-A683-4D61-BB38-1150766A132F","ObjectType":"Container"}}],"meta":{"methods":521215,"type":"enterprisecas","count":1,"version":6}}