{"data":[{"Properties":{"domain":"EVILCORP.COM","name":"EVILCORPCA@EVILCORP.COM","distinguishedname":"CN=EVILCORPCA,CN=CERTIFICATION AUTHORITIES,CN=PUBLIC KEY SERVICES,CN=SERVICES,CN=CONFIGURATION,DC=EVILCORP,DC=COM","domainsid":"S-1-5-21-3169024058-1697859750-3651543097","isaclprotected":false,"description":null,"whencreated":1710788428,"certthumbprint":"A65CB1FF07C6CCA535BD69957221E1BD8B797FEB","certname":"A65CB1FF07C6CCA535BD69957221E1BD8B797FEB","certchain":["A65CB1FF07C6CCA535BD69957221E1BD8B797FEB"],"hasbasicconstraints":false,"basicconstraintpathlength":0},"DomainSID":"S-1-5-21-3169024058-1697859750-3651543097","Aces":[{"PrincipalSID":"S-1-5-21-3169024058-1697859750-3651543097-519","PrincipalType":"Group","RightName":"Owns","IsInherited":false},{"PrincipalSID":"EVILCORP.COM-S-1-5-32-544","PrincipalType":"Group","RightName":"GenericAll","IsInherited":false},{"PrincipalSID":"S-1-5-21-3169024058-1697859750-3651543097-512","PrincipalType":"Group","RightName":"GenericAll","IsInherited":false},{"PrincipalSID":"S-1-5-21-3169024058-1697859750-3651543097-517","PrincipalType":"Group","RightName":"GenericAll","IsInherited":false},{"PrincipalSID":"S-1-5-21-3169024058-1697859750-3651543097-519","PrincipalType":"Group","RightName":"GenericAll","IsInherited":false},{"PrincipalSID":"S-1-5-21-3169024058-1697859750-3651543097-519","PrincipalType":"Group","RightName":"GenericAll","IsInherited":true},{"PrincipalSID":"S-1-5-21-3169024058-1697859750-3651543097-512","PrincipalType":"Group","RightName":"WriteDacl","IsInherited":true},{"PrincipalSID":"S-1-5-21-3169024058-1697859750-3651543097-512","PrincipalType":"Group","RightName":"WriteOwner","IsInherited":true}],"ObjectIdentifier":"0A5D4615-6FAD-4D70-99BD-95DFABD2FF4B","IsDeleted":false,"IsACLProtected":false,"ContainedBy":{"ObjectIdentifier":"146BAF70-57A9-440A-8602-2E308CFC222A","ObjectType":"Container"}}],"meta":{"methods":521215,"type":"rootcas","count":1,"version":6}}