{"data":[{"Properties":{"domain":"EU.EVILCORP.COM","name":"DEFAULT DOMAIN POLICY@EU.EVILCORP.COM","distinguishedname":"CN={31B2F340-016D-11D2-945F-00C04FB984F9},CN=POLICIES,CN=SYSTEM,DC=EU,DC=EVILCORP,DC=COM","domainsid":"S-1-5-21-2977181345-3163389517-1068409798","highvalue":false,"isaclprotected":true,"description":null,"whencreated":1710787526,"gpcpath":"\\\\EU.EVILCORP.COM\\SYSVOL\\EU.EVILCORP.COM\\POLICIES\\{31B2F340-016D-11D2-945F-00C04FB984F9}"},"Aces":[{"PrincipalSID":"S-1-5-21-2977181345-3163389517-1068409798-512","PrincipalType":"Group","RightName":"Owns","IsInherited":false},{"PrincipalSID":"S-1-5-21-2977181345-3163389517-1068409798-512","PrincipalType":"Group","RightName":"WriteDacl","IsInherited":false},{"PrincipalSID":"S-1-5-21-2977181345-3163389517-1068409798-512","PrincipalType":"Group","RightName":"WriteOwner","IsInherited":false},{"PrincipalSID":"S-1-5-21-2977181345-3163389517-1068409798-512","PrincipalType":"Group","RightName":"GenericWrite","IsInherited":false},{"PrincipalSID":"S-1-5-21-2977181345-3163389517-1068409798-512","PrincipalType":"Group","RightName":"WriteDacl","IsInherited":false},{"PrincipalSID":"S-1-5-21-2977181345-3163389517-1068409798-512","PrincipalType":"Group","RightName":"WriteOwner","IsInherited":false},{"PrincipalSID":"S-1-5-21-2977181345-3163389517-1068409798-512","PrincipalType":"Group","RightName":"GenericWrite","IsInherited":false},{"PrincipalSID":"S-1-5-21-3169024058-1697859750-3651543097-519","PrincipalType":"Group","RightName":"WriteDacl","IsInherited":false},{"PrincipalSID":"S-1-5-21-3169024058-1697859750-3651543097-519","PrincipalType":"Group","RightName":"WriteOwner","IsInherited":false},{"PrincipalSID":"S-1-5-21-3169024058-1697859750-3651543097-519","PrincipalType":"Group","RightName":"GenericWrite","IsInherited":false}],"ObjectIdentifier":"7FC2501B-FD47-4C5F-A010-A0E0958B248B","IsDeleted":false,"IsACLProtected":true,"ContainedBy":null},{"Properties":{"domain":"EU.EVILCORP.COM","name":"EU CUSTOM DOMAIN CONTROLLERS POLICY@EU.EVILCORP.COM","distinguishedname":"CN={E69F90F4-94B6-4B7E-BDCE-B84CB327B570},CN=POLICIES,CN=SYSTEM,DC=EU,DC=EVILCORP,DC=COM","domainsid":"S-1-5-21-2977181345-3163389517-1068409798","highvalue":false,"isaclprotected":true,"description":null,"whencreated":1710792305,"gpcpath":"\\\\EU.EVILCORP.COM\\SYSVOL\\EU.EVILCORP.COM\\POLICIES\\{E69F90F4-94B6-4B7E-BDCE-B84CB327B570}"},"Aces":[{"PrincipalSID":"S-1-5-21-2977181345-3163389517-1068409798-512","PrincipalType":"Group","RightName":"Owns","IsInherited":false},{"PrincipalSID":"S-1-5-21-2977181345-3163389517-1068409798-512","PrincipalType":"Group","RightName":"WriteDacl","IsInherited":false},{"PrincipalSID":"S-1-5-21-2977181345-3163389517-1068409798-512","PrincipalType":"Group","RightName":"WriteOwner","IsInherited":false},{"PrincipalSID":"S-1-5-21-2977181345-3163389517-1068409798-512","PrincipalType":"Group","RightName":"GenericWrite","IsInherited":false},{"PrincipalSID":"S-1-5-21-2977181345-3163389517-1068409798-1354","PrincipalType":"User","RightName":"WriteDacl","IsInherited":false},{"PrincipalSID":"S-1-5-21-2977181345-3163389517-1068409798-1354","PrincipalType":"User","RightName":"WriteOwner","IsInherited":false},{"PrincipalSID":"S-1-5-21-2977181345-3163389517-1068409798-1354","PrincipalType":"User","RightName":"GenericWrite","IsInherited":false},{"PrincipalSID":"S-1-5-21-3169024058-1697859750-3651543097-519","PrincipalType":"Group","RightName":"WriteDacl","IsInherited":false},{"PrincipalSID":"S-1-5-21-3169024058-1697859750-3651543097-519","PrincipalType":"Group","RightName":"WriteOwner","IsInherited":false},{"PrincipalSID":"S-1-5-21-3169024058-1697859750-3651543097-519","PrincipalType":"Group","RightName":"GenericWrite","IsInherited":false}],"ObjectIdentifier":"2272C08F-F90F-4D1D-9E9A-057D55DDF88D","IsDeleted":false,"IsACLProtected":true,"ContainedBy":null},{"Properties":{"domain":"EU.EVILCORP.COM","name":"DEFAULT DOMAIN CONTROLLERS POLICY@EU.EVILCORP.COM","distinguishedname":"CN={6AC1786C-016F-11D2-945F-00C04FB984F9},CN=POLICIES,CN=SYSTEM,DC=EU,DC=EVILCORP,DC=COM","domainsid":"S-1-5-21-2977181345-3163389517-1068409798","highvalue":false,"isaclprotected":true,"description":null,"whencreated":1710787526,"gpcpath":"\\\\EU.EVILCORP.COM\\SYSVOL\\EU.EVILCORP.COM\\POLICIES\\{6AC1786C-016F-11D2-945F-00C04FB984F9}"},"Aces":[{"PrincipalSID":"S-1-5-21-2977181345-3163389517-1068409798-512","PrincipalType":"Group","RightName":"Owns","IsInherited":false},{"PrincipalSID":"S-1-5-21-2977181345-3163389517-1068409798-512","PrincipalType":"Group","RightName":"WriteDacl","IsInherited":false},{"PrincipalSID":"S-1-5-21-2977181345-3163389517-1068409798-512","PrincipalType":"Group","RightName":"WriteOwner","IsInherited":false},{"PrincipalSID":"S-1-5-21-2977181345-3163389517-1068409798-512","PrincipalType":"Group","RightName":"GenericWrite","IsInherited":false},{"PrincipalSID":"S-1-5-21-2977181345-3163389517-1068409798-512","PrincipalType":"Group","RightName":"WriteDacl","IsInherited":false},{"PrincipalSID":"S-1-5-21-2977181345-3163389517-1068409798-512","PrincipalType":"Group","RightName":"WriteOwner","IsInherited":false},{"PrincipalSID":"S-1-5-21-2977181345-3163389517-1068409798-512","PrincipalType":"Group","RightName":"GenericWrite","IsInherited":false},{"PrincipalSID":"S-1-5-21-3169024058-1697859750-3651543097-519","PrincipalType":"Group","RightName":"WriteDacl","IsInherited":false},{"PrincipalSID":"S-1-5-21-3169024058-1697859750-3651543097-519","PrincipalType":"Group","RightName":"WriteOwner","IsInherited":false},{"PrincipalSID":"S-1-5-21-3169024058-1697859750-3651543097-519","PrincipalType":"Group","RightName":"GenericWrite","IsInherited":false}],"ObjectIdentifier":"8F448955-08B9-45EE-AD39-BC879DD3097F","IsDeleted":false,"IsACLProtected":true,"ContainedBy":null},{"Properties":{"domain":"EU.EVILCORP.COM","name":"KERBEROSENCRYPTIONGPO@EU.EVILCORP.COM","distinguishedname":"CN={656DCFCE-52D0-4C34-B49F-B495021E9866},CN=POLICIES,CN=SYSTEM,DC=EU,DC=EVILCORP,DC=COM","domainsid":"S-1-5-21-2977181345-3163389517-1068409798","highvalue":false,"isaclprotected":true,"description":null,"whencreated":1710792264,"gpcpath":"\\\\EU.EVILCORP.COM\\SYSVOL\\EU.EVILCORP.COM\\POLICIES\\{656DCFCE-52D0-4C34-B49F-B495021E9866}"},"Aces":[{"PrincipalSID":"S-1-5-21-2977181345-3163389517-1068409798-512","PrincipalType":"Group","RightName":"Owns","IsInherited":false},{"PrincipalSID":"S-1-5-21-2977181345-3163389517-1068409798-512","PrincipalType":"Group","RightName":"WriteDacl","IsInherited":false},{"PrincipalSID":"S-1-5-21-2977181345-3163389517-1068409798-512","PrincipalType":"Group","RightName":"WriteOwner","IsInherited":false},{"PrincipalSID":"S-1-5-21-2977181345-3163389517-1068409798-512","PrincipalType":"Group","RightName":"GenericWrite","IsInherited":false},{"PrincipalSID":"S-1-5-21-3169024058-1697859750-3651543097-519","PrincipalType":"Group","RightName":"WriteDacl","IsInherited":false},{"PrincipalSID":"S-1-5-21-3169024058-1697859750-3651543097-519","PrincipalType":"Group","RightName":"WriteOwner","IsInherited":false},{"PrincipalSID":"S-1-5-21-3169024058-1697859750-3651543097-519","PrincipalType":"Group","RightName":"GenericWrite","IsInherited":false}],"ObjectIdentifier":"9FFAE3A0-7804-41CF-9568-4AA511030418","IsDeleted":false,"IsACLProtected":true,"ContainedBy":null},{"Properties":{"domain":"EU.EVILCORP.COM","name":"PRINT NIGHTMARE@EU.EVILCORP.COM","distinguishedname":"CN={C91A3030-C1AB-4CAB-A876-097DBD2E5A29},CN=POLICIES,CN=SYSTEM,DC=EU,DC=EVILCORP,DC=COM","domainsid":"S-1-5-21-2977181345-3163389517-1068409798","highvalue":false,"isaclprotected":true,"description":null,"whencreated":1710792308,"gpcpath":"\\\\EU.EVILCORP.COM\\SYSVOL\\EU.EVILCORP.COM\\POLICIES\\{C91A3030-C1AB-4CAB-A876-097DBD2E5A29}"},"Aces":[{"PrincipalSID":"S-1-5-21-2977181345-3163389517-1068409798-512","PrincipalType":"Group","RightName":"Owns","IsInherited":false},{"PrincipalSID":"S-1-5-21-2977181345-3163389517-1068409798-512","PrincipalType":"Group","RightName":"WriteDacl","IsInherited":false},{"PrincipalSID":"S-1-5-21-2977181345-3163389517-1068409798-512","PrincipalType":"Group","RightName":"WriteOwner","IsInherited":false},{"PrincipalSID":"S-1-5-21-2977181345-3163389517-1068409798-512","PrincipalType":"Group","RightName":"GenericWrite","IsInherited":false},{"PrincipalSID":"S-1-5-21-3169024058-1697859750-3651543097-519","PrincipalType":"Group","RightName":"WriteDacl","IsInherited":false},{"PrincipalSID":"S-1-5-21-3169024058-1697859750-3651543097-519","PrincipalType":"Group","RightName":"WriteOwner","IsInherited":false},{"PrincipalSID":"S-1-5-21-3169024058-1697859750-3651543097-519","PrincipalType":"Group","RightName":"GenericWrite","IsInherited":false}],"ObjectIdentifier":"9B3C1115-E0D4-4196-8BA3-0DEFF0B4D47F","IsDeleted":false,"IsACLProtected":true,"ContainedBy":null},{"Properties":{"domain":"EVILCORP.COM","name":"DEFAULT DOMAIN POLICY@EVILCORP.COM","distinguishedname":"CN={31B2F340-016D-11D2-945F-00C04FB984F9},CN=POLICIES,CN=SYSTEM,DC=EVILCORP,DC=COM","domainsid":"S-1-5-21-3169024058-1697859750-3651543097","highvalue":false,"isaclprotected":true,"description":null,"whencreated":1710787024,"gpcpath":"\\\\EVILCORP.COM\\SYSVOL\\EVILCORP.COM\\POLICIES\\{31B2F340-016D-11D2-945F-00C04FB984F9}"},"Aces":[{"PrincipalSID":"S-1-5-21-3169024058-1697859750-3651543097-512","PrincipalType":"Group","RightName":"Owns","IsInherited":false},{"PrincipalSID":"S-1-5-21-3169024058-1697859750-3651543097-512","PrincipalType":"Group","RightName":"WriteDacl","IsInherited":false},{"PrincipalSID":"S-1-5-21-3169024058-1697859750-3651543097-512","PrincipalType":"Group","RightName":"WriteOwner","IsInherited":false},{"PrincipalSID":"S-1-5-21-3169024058-1697859750-3651543097-512","PrincipalType":"Group","RightName":"GenericWrite","IsInherited":false},{"PrincipalSID":"S-1-5-21-3169024058-1697859750-3651543097-512","PrincipalType":"Group","RightName":"WriteDacl","IsInherited":false},{"PrincipalSID":"S-1-5-21-3169024058-1697859750-3651543097-512","PrincipalType":"Group","RightName":"WriteOwner","IsInherited":false},{"PrincipalSID":"S-1-5-21-3169024058-1697859750-3651543097-512","PrincipalType":"Group","RightName":"GenericWrite","IsInherited":false},{"PrincipalSID":"S-1-5-21-3169024058-1697859750-3651543097-519","PrincipalType":"Group","RightName":"WriteDacl","IsInherited":false},{"PrincipalSID":"S-1-5-21-3169024058-1697859750-3651543097-519","PrincipalType":"Group","RightName":"WriteOwner","IsInherited":false},{"PrincipalSID":"S-1-5-21-3169024058-1697859750-3651543097-519","PrincipalType":"Group","RightName":"GenericWrite","IsInherited":false}],"ObjectIdentifier":"4483618C-B40F-4FF7-8AD3-C40743D4F0EC","IsDeleted":false,"IsACLProtected":true,"ContainedBy":null},{"Properties":{"domain":"EVILCORP.COM","name":"DEFAULT DOMAIN CONTROLLERS POLICY@EVILCORP.COM","distinguishedname":"CN={6AC1786C-016F-11D2-945F-00C04FB984F9},CN=POLICIES,CN=SYSTEM,DC=EVILCORP,DC=COM","domainsid":"S-1-5-21-3169024058-1697859750-3651543097","highvalue":false,"isaclprotected":true,"description":null,"whencreated":1710787024,"gpcpath":"\\\\EVILCORP.COM\\SYSVOL\\EVILCORP.COM\\POLICIES\\{6AC1786C-016F-11D2-945F-00C04FB984F9}"},"Aces":[{"PrincipalSID":"S-1-5-21-3169024058-1697859750-3651543097-512","PrincipalType":"Group","RightName":"Owns","IsInherited":false},{"PrincipalSID":"S-1-5-21-3169024058-1697859750-3651543097-512","PrincipalType":"Group","RightName":"WriteDacl","IsInherited":false},{"PrincipalSID":"S-1-5-21-3169024058-1697859750-3651543097-512","PrincipalType":"Group","RightName":"WriteOwner","IsInherited":false},{"PrincipalSID":"S-1-5-21-3169024058-1697859750-3651543097-512","PrincipalType":"Group","RightName":"GenericWrite","IsInherited":false},{"PrincipalSID":"S-1-5-21-3169024058-1697859750-3651543097-512","PrincipalType":"Group","RightName":"WriteDacl","IsInherited":false},{"PrincipalSID":"S-1-5-21-3169024058-1697859750-3651543097-512","PrincipalType":"Group","RightName":"WriteOwner","IsInherited":false},{"PrincipalSID":"S-1-5-21-3169024058-1697859750-3651543097-512","PrincipalType":"Group","RightName":"GenericWrite","IsInherited":false},{"PrincipalSID":"S-1-5-21-3169024058-1697859750-3651543097-519","PrincipalType":"Group","RightName":"WriteDacl","IsInherited":false},{"PrincipalSID":"S-1-5-21-3169024058-1697859750-3651543097-519","PrincipalType":"Group","RightName":"WriteOwner","IsInherited":false},{"PrincipalSID":"S-1-5-21-3169024058-1697859750-3651543097-519","PrincipalType":"Group","RightName":"GenericWrite","IsInherited":false}],"ObjectIdentifier":"7703CF5A-DA22-40AF-A422-607DAA7CFC6B","IsDeleted":false,"IsACLProtected":true,"ContainedBy":null},{"Properties":{"domain":"EVILCORP.COM","name":"KERBEROSENCRYPTIONGPO@EVILCORP.COM","distinguishedname":"CN={44E1D1E6-8976-4970-A727-F8D21A719607},CN=POLICIES,CN=SYSTEM,DC=EVILCORP,DC=COM","domainsid":"S-1-5-21-3169024058-1697859750-3651543097","highvalue":false,"isaclprotected":true,"description":null,"whencreated":1710789993,"gpcpath":"\\\\EVILCORP.COM\\SYSVOL\\EVILCORP.COM\\POLICIES\\{44E1D1E6-8976-4970-A727-F8D21A719607}"},"Aces":[{"PrincipalSID":"S-1-5-21-3169024058-1697859750-3651543097-512","PrincipalType":"Group","RightName":"Owns","IsInherited":false},{"PrincipalSID":"S-1-5-21-3169024058-1697859750-3651543097-512","PrincipalType":"Group","RightName":"WriteDacl","IsInherited":false},{"PrincipalSID":"S-1-5-21-3169024058-1697859750-3651543097-512","PrincipalType":"Group","RightName":"WriteOwner","IsInherited":false},{"PrincipalSID":"S-1-5-21-3169024058-1697859750-3651543097-512","PrincipalType":"Group","RightName":"GenericWrite","IsInherited":false},{"PrincipalSID":"S-1-5-21-3169024058-1697859750-3651543097-519","PrincipalType":"Group","RightName":"WriteDacl","IsInherited":false},{"PrincipalSID":"S-1-5-21-3169024058-1697859750-3651543097-519","PrincipalType":"Group","RightName":"WriteOwner","IsInherited":false},{"PrincipalSID":"S-1-5-21-3169024058-1697859750-3651543097-519","PrincipalType":"Group","RightName":"GenericWrite","IsInherited":false}],"ObjectIdentifier":"74B806EE-7E4A-4682-890A-FF64BF9E377E","IsDeleted":false,"IsACLProtected":true,"ContainedBy":null},{"Properties":{"domain":"EVILCORP.COM","name":"EVILCORP CUSTOM DOMAIN CONTROLLERS POLICY@EVILCORP.COM","distinguishedname":"CN={46D7B777-9377-4045-9E5C-647EC5BB6EA6},CN=POLICIES,CN=SYSTEM,DC=EVILCORP,DC=COM","domainsid":"S-1-5-21-3169024058-1697859750-3651543097","highvalue":false,"isaclprotected":true,"description":null,"whencreated":1710790023,"gpcpath":"\\\\EVILCORP.COM\\SYSVOL\\EVILCORP.COM\\POLICIES\\{46D7B777-9377-4045-9E5C-647EC5BB6EA6}"},"Aces":[{"PrincipalSID":"S-1-5-21-3169024058-1697859750-3651543097-512","PrincipalType":"Group","RightName":"Owns","IsInherited":false},{"PrincipalSID":"S-1-5-21-3169024058-1697859750-3651543097-512","PrincipalType":"Group","RightName":"WriteDacl","IsInherited":false},{"PrincipalSID":"S-1-5-21-3169024058-1697859750-3651543097-512","PrincipalType":"Group","RightName":"WriteOwner","IsInherited":false},{"PrincipalSID":"S-1-5-21-3169024058-1697859750-3651543097-512","PrincipalType":"Group","RightName":"GenericWrite","IsInherited":false},{"PrincipalSID":"S-1-5-21-3169024058-1697859750-3651543097-519","PrincipalType":"Group","RightName":"WriteDacl","IsInherited":false},{"PrincipalSID":"S-1-5-21-3169024058-1697859750-3651543097-519","PrincipalType":"Group","RightName":"WriteOwner","IsInherited":false},{"PrincipalSID":"S-1-5-21-3169024058-1697859750-3651543097-519","PrincipalType":"Group","RightName":"GenericWrite","IsInherited":false},{"PrincipalSID":"S-1-5-21-3169024058-1697859750-3651543097-1518","PrincipalType":"User","RightName":"WriteDacl","IsInherited":false},{"PrincipalSID":"S-1-5-21-3169024058-1697859750-3651543097-1518","PrincipalType":"User","RightName":"WriteOwner","IsInherited":false},{"PrincipalSID":"S-1-5-21-3169024058-1697859750-3651543097-1518","PrincipalType":"User","RightName":"GenericWrite","IsInherited":false}],"ObjectIdentifier":"62CC404D-511C-4947-8F75-6B1E0E027582","IsDeleted":false,"IsACLProtected":true,"ContainedBy":null},{"Properties":{"domain":"EVILCORP.COM","name":"PRINT NIGHTMARE@EVILCORP.COM","distinguishedname":"CN={9D8E5D3A-B075-4969-8898-53BD3254A236},CN=POLICIES,CN=SYSTEM,DC=EVILCORP,DC=COM","domainsid":"S-1-5-21-3169024058-1697859750-3651543097","highvalue":false,"isaclprotected":true,"description":null,"whencreated":1710790055,"gpcpath":"\\\\EVILCORP.COM\\SYSVOL\\EVILCORP.COM\\POLICIES\\{9D8E5D3A-B075-4969-8898-53BD3254A236}"},"Aces":[{"PrincipalSID":"S-1-5-21-3169024058-1697859750-3651543097-512","PrincipalType":"Group","RightName":"Owns","IsInherited":false},{"PrincipalSID":"S-1-5-21-3169024058-1697859750-3651543097-512","PrincipalType":"Group","RightName":"WriteDacl","IsInherited":false},{"PrincipalSID":"S-1-5-21-3169024058-1697859750-3651543097-512","PrincipalType":"Group","RightName":"WriteOwner","IsInherited":false},{"PrincipalSID":"S-1-5-21-3169024058-1697859750-3651543097-512","PrincipalType":"Group","RightName":"GenericWrite","IsInherited":false},{"PrincipalSID":"S-1-5-21-3169024058-1697859750-3651543097-519","PrincipalType":"Group","RightName":"WriteDacl","IsInherited":false},{"PrincipalSID":"S-1-5-21-3169024058-1697859750-3651543097-519","PrincipalType":"Group","RightName":"WriteOwner","IsInherited":false},{"PrincipalSID":"S-1-5-21-3169024058-1697859750-3651543097-519","PrincipalType":"Group","RightName":"GenericWrite","IsInherited":false}],"ObjectIdentifier":"4D1A3F55-09CE-45DA-BA04-9EB0F41C7DBD","IsDeleted":false,"IsACLProtected":true,"ContainedBy":null}],"meta":{"methods":521215,"type":"gpos","count":10,"version":6}}